,Country,FormalEducationPercent,CO2,EnergyUse,GDP,Inequality,LifeExpectancy,SolarAndWindElectricity,GreenhouseGasEmissions,SchoolingYears
0,Afghanistan,0.4172413793103447,0.00612466027451106,0.002983039807419658,0.005126005388924956,0.49536144616671407,0.593019346679367,0.0005103140024058171,0.001584002704345878,0.268350419310744
1,Africa,0.6255113793103447,,0.01749757612663935,,,0.5491591358429853,0.008342922844635907,0.018648240913362448,
2,Africa (WID),,,,,0.8309236727220535,,,,
3,Albania,0.9844827586206896,0.042636200306740084,0.06215815494856769,0.08333657468787238,0.3664517040347979,0.8645152123972433,0.0036921606309169787,0.02794490838765079,0.6360564437059153
4,Algeria,0.8224137931034481,0.09169207731472748,0.06814436613540559,0.08689265078660727,0.4131508900066755,0.7976603084902866,0.0038255008729941144,0.08067166248370701,0.46055888778238563
5,American Samoa,,,0.15616956330957965,,,0.7294386501348744,0.05922956400142198,,
6,Americas,,,,,,0.8182956992259727,,,
7,Andorra,,0.12424640170105246,,,,0.9533382427099759,,0.07941512407128438,
8,Angola,,0.013298181767304037,0.012304873676016759,0.037169931139764516,0.857772765615507,0.564651687731628,0.00014743735890093254,0.016567568254087613,0.1912431337835029
9,Anguilla,,0.21340420645018074,,,,0.858704004610545,,,
10,Antarctica,,,,,,,,,
11,Antigua and Barbuda,,0.16052952525901207,0.12988598604014692,,,0.8244070727041327,0.05595643818401483,0.10664826027790747,0.5881063933061127
12,Argentina,0.9931034482758619,0.10042059149396769,0.09820596342056163,0.11910455128109046,0.5779731293072692,0.820346831450961,0.10167848367940456,0.07237056407995038,0.5849846187171694
13,Armenia,0.9913793103448276,0.06429482411555873,0.07795781098204847,0.08912138126435067,0.6391317414358163,0.7860879205321337,0.03113785173923253,0.037299815261180265,0.5456994915218252
14,Aruba,,0.1915511351946639,0.20317742752999965,,,0.7995013247312516,0.3696597356224887,,
15,Asia,0.8116765517241378,,0.08780087041673694,,,0.763743586459726,0.09152200063228125,0.07723358557243393,
16,Asia (WID),,,,,0.7646942062643625,,,,
17,Asia (excl. China and India),,,,,,,,0.07194102366438689,
18,Asia (excluding Middle East) (WID),,,,,0.7488800653053084,,,,
19,Australia,0.9862068965517239,0.34004372262230187,0.2788518074200104,0.3463108531446841,0.3991208281179664,0.9509809414796967,0.794243092458669,0.2409627514672132,0.8500219802647881
20,Austria,0.9689655172413791,0.1534941804740865,0.18934562957360898,0.2907389821917009,0.3008507478459957,0.9116212149106306,0.3868462677697919,0.09934872347040397,0.8202014528885259
21,Azerbaijan,,0.0990565953578448,0.09646079664211656,0.11500305936978499,0.565310607124405,0.7609920676213271,0.0034266583936645944,0.08892745179802243,0.5727474546581851
22,Bahamas,,0.1425377488154974,0.15626158100991652,,0.7805431769612353,0.7634574285005323,0.0,0.10280106612657017,
23,Bahrain,0.5637931034482757,0.5772321407191968,0.7102175971310438,0.2561351471394692,0.8065204914170009,0.8981657875147082,0.0017820320889286507,0.6230209845765108,0.6675288378547337
24,Bangladesh,0.6241379310344826,0.015395692924498048,0.012960329853082903,0.029139062738379642,0.37981518594118785,0.7658687595552747,0.001259041162557932,0.008985982254385112,0.35665073561009175
25,Barbados,0.989655172413793,0.09920967899902784,0.10150423416313838,0.07369662363213522,,0.7960033938734182,0.07452116502409098,0.06753610646928399,
26,Belarus,,0.1396204502278859,0.1374077960513236,0.1218471511542573,0.1895099309639947,0.7610981261656433,0.00897817239239741,0.12408592854309729,0.8087057951457424
27,Belgium,0.95,0.16747322174840346,0.2421988395207603,0.2778130952118859,0.23611844261842327,0.9148049723447342,0.5147850440563596,0.11526030745490988,0.8463247251222416
28,Belize,1.0,0.03816520018438586,0.03278663443123019,,0.7805433119602193,0.7437225348392313,0.006473403916208307,0.03271022520830417,
29,Benin,0.3568965517241379,0.009573678609522577,0.010953685393977614,0.012658259345700118,0.6164601470962426,0.48774523536992426,0.0003929604535634033,0.006597945441796057,0.32619812241738483
30,Bermuda,,0.19146056677146436,0.20494028018627125,,,0.9186851141830289,0.0,,
31,Bhutan,,0.05107148219614481,0.12248465335723542,,0.6887876526509447,0.7319100143279091,0.0,0.04695022579866365,0.3884576608284302
32,Bolivia,0.9172413793103447,0.0442644599835465,0.031131676650312374,0.03960968406219478,0.7805431769612353,0.643983478880342,0.017365438877950046,0.03559553211181335,
33,Bonaire Sint Eustatius and Saba,,,,,,0.8211632821317368,,,
34,"Bonaire, Saint Eustatius and Saba",,0.09934179903162683,,,,,,,
35,Bosnia and Herzegovina,,0.14753579706362993,0.10144913110410748,0.0777149048851966,0.3935786923363935,0.8294658651575668,0.038403463641861216,0.10884033943809449,0.5275282970689448
36,Botswana,0.9534482758620689,0.058909641635445056,0.041373131201794186,0.10604440188837784,0.8909408459427822,0.6556239043952262,0.000997442724108936,0.04781852363495431,0.27119833152876555
37,Brazil,0.9293103448275861,0.052767726879064725,0.07849516719722831,0.0945226972904145,0.8459581945496906,0.7893997486612612,0.178757869081054,0.0460242009461665,0.5342180228064527
38,British Virgin Islands,,0.13792533236827176,0.08955988349185529,,,0.8179675180699747,0.0,,
39,Brunei,0.646551724137931,,0.4552310568246549,,0.40213913539765833,0.7789619870168333,0.0,0.5227406162362439,0.6611258624618823
40,Brunei Darussalam,,0.6105689030384509,,,,,,,
41,Bulgaria,0.9706896551724138,0.12669714848911307,0.13134819199810127,0.1345858999684314,0.5471020791890989,0.7851594079932124,0.19889476715128446,0.09161449296968954,0.6110055979625726
42,Burkina Faso,,0.00624619286313313,0.003988254231936975,0.007461383890773287,0.7879752310164486,0.49411275023813145,0.0013885159362419146,0.004339300510818204,0.2193462514512876
43,Burundi,0.4206896551724137,0.001258497304122192,0.0012955328699445258,0.0008132975276002036,0.6367605517849464,0.545323018306105,0.0002035421654189388,9.374842696199836e-05,0.2788942337263357
44,Cambodia,0.7827586206896551,0.0279553593923117,0.017787625845468277,0.022533132605596688,0.8440390264962282,0.6857285221442238,0.006102116043283717,0.01737584660180121,0.4372179471190693
45,Cameroon,0.7896551724137931,0.008146650794734393,0.007025065191327078,0.014913855094201529,0.7500057768315148,0.546293554041831,0.00018797182019600721,0.009861764122184884,0.2904151583086287
46,Canada,0.9948275862068964,0.33250724664763026,0.4404559429883473,0.30242865614881165,0.43282474191175535,0.9251146632941384,0.30835096593420863,0.23549167854909425,0.8973068905424296
47,Cape Verde,,0.020977177414667314,0.03195755689082268,0.04446499467335348,0.6799239343725839,0.7936120738647734,0.030961212825601884,0.015431944876019173,
48,Cayman Islands,,,0.1946979131281319,,,0.8796375599330832,0.07635323794894264,,
49,Central African Republic,0.2741379310344827,0.0011496414776897906,0.0012613394381057312,0.0,0.9648888117994692,0.42038605310131194,0.0,0.006284988951578853,0.046164061963492105
50,Central Asia (WID),,,,,0.7087429774372375,,,,
51,Chad,,0.00395491504832147,0.0015920869538614594,0.005365451916021486,0.6115002844316089,0.373590221802435,0.00014802953881511545,0.002392677118255807,0.0588233330890872
52,Chile,0.9844827586206896,0.09243017005547821,0.11319917075626877,0.14904505589601766,0.9215628004360197,0.8958284973305266,0.3545841307903909,0.06910478921536659,0.678898067120718
53,China,0.9793103448275862,0.19598980957343445,0.14664832778085524,0.12547078921913749,0.5869628691370027,0.8315169973825551,0.27051858867481987,0.1355102444833294,0.6659438150717755
54,China (rural),,,,,0.46570115693454106,,,,
55,China (urban),,,,,0.3218183400124456,,,,
56,Christmas Island,,,,,,,,,
57,Colombia,0.9568965517241379,0.04743247675668701,0.05302278630513534,0.09337100739690457,0.9281664107273433,0.8269484755585083,0.0062963549380246325,0.03727080966985046,0.604863587538983
58,Comoros,,0.012362965374503952,0.007202118373184894,0.008776764488132933,0.7134233922054153,0.6078715450928912,0.0,0.0097353895582545,0.27556765631848795
59,Congo,0.6775862068965517,0.02950100883551544,0.010350609303177296,0.024170424635572417,0.8109619579838614,0.5877644459741779,0.0,0.05209348252961431,0.2902494530954876
60,Cook Islands,,0.10031532741682236,0.12758911861819514,,,0.7780654921516679,0.3080758317712139,0.0770928112783916,
61,Costa Rica,0.9706896551724138,0.03728855512799915,0.05271201827693528,0.10028911581234916,0.9409216547122442,0.8884804412035443,0.07751660394139462,0.02858893116363029,0.6398552376027592
62,Cote d'Ivoire,0.496551724137931,,0.010450169069409841,0.02298721659352042,0.7604651380986731,0.5111581593039358,0.00018632971236450882,0.007889102690035076,0.2456058043436261
63,Croatia,0.989655172413793,0.10262550299749085,0.11124734546523425,0.1776234848894244,0.3495257564448684,0.8440719277040926,0.17736511880197137,0.07324338207692035,0.7768289430062688
64,Cuba,0.9672413793103447,0.04843682845439187,0.040686062179349794,0.04746642727914468,0.6289700529279265,0.8341704620950764,0.00678579177483442,0.036321895430408487,
65,Curacao,,,,,,0.8084382579183709,,,
66,Curaçao,,0.24730076519753635,,,,,,,
67,Cyprus,0.9982758620689653,0.1336506812069442,0.11227775062788833,0.2081585994203846,0.3302937112140889,0.9054598138172271,0.21444222169459243,0.09943557092241354,0.8212276825454674
68,Czechia,0.9982758620689653,0.19152099267123515,0.17782540494356433,0.21303087523296446,0.23276014039804319,0.8691617773010704,0.09424099359979222,0.12833750039142824,0.8400301708690763
69,Czechoslovakia,,,0.21828400169523457,0.20221826167099485,,,,,
70,Côte d'Ivoire,,0.010728813350827891,,,,,,,
71,Democratic Republic of Congo,0.4724137931034482,,0.001811291330931075,0.0016677063567955511,0.6729899365682527,0.5101816202543805,2.6498008314104724e-05,0.002283576046526594,0.21927216681514386
72,Democratic Republic of the Congo,,0.0010596364661431383,,,,,,,
73,Denmark,0.9448275862068966,0.10828342366856672,0.1458173824671588,0.33715889224948015,0.449775101817921,0.9111589597457797,1.0,0.07537528273310574,0.8383618052274375
74,Djibouti,,0.010174345857943076,0.01227727806405409,0.020371348242245017,0.667363763919267,0.59205681536208,0.0,0.011610808641197352,
75,Dominica,,0.05240829372001652,0.04649716466107695,0.05575142707490401,,0.6950336585795358,0.0,0.04040549251290891,0.5470430651406653
76,Dominican Republic,0.9275862068965517,0.06632653348679414,0.044027710049995665,0.11520888173726088,0.7089677507452562,0.7468142414612867,0.04392552723990876,0.04561499683656481,0.4103061892179305
77,East Africa (WID),,,,,0.7573934612207206,,,,
78,East Asia (MPD),,,,0.14223232207132525,,,,,
79,East Asia (WID),,,,,0.6108280794916316,,,,
80,East Germany,,,0.41775445248145826,,0.0,,,,
81,East Timor,,,0.007121509651014254,,0.6393820745514339,0.6261336257614204,0.0,0.010572189089199048,0.38524563271164214
82,Eastern Europe (MPD),,,,0.13501538757768594,,,,,
83,Eastern Europe (WID),,,,,0.41988754179652915,,,,
84,Ecuador,0.9517241379310343,0.055716177435983054,0.05678214622094846,0.06412721620731743,0.6886077890048682,0.8203008060449367,0.0015865052032023339,0.04286937467696678,0.611871175774275
85,Egypt,0.6431034482758621,0.056025912992150644,0.04277611239190213,0.08486647832551485,0.6007991399844739,0.7050591926743562,0.022833598532897646,0.03937128858367193,0.4075560351562051
86,El Salvador,0.9706896551724138,0.030355234803214864,0.031194648426172877,0.05803485393817039,0.6680574336976678,0.7143803379465465,0.04575320305541382,0.02026182932086473,0.5120104601698633
87,England and Wales,,,,,,0.6417542483450865,,,
88,Equatorial Guinea,,0.08408123100187644,0.054659320708884546,0.14881958011738972,0.7238509387120589,0.5464436368875619,0.0,0.09125152112241047,
89,Eritrea,,0.003887211748034421,0.004031318639125482,,0.5623874291286272,0.6448339483394835,0.0007121455716045383,0.005901696110934437,
90,Estonia,0.9931034482758619,0.17780541677109343,0.1850010134554617,0.19835812307150485,0.44725017082433915,0.8555422593271484,0.3014772031131324,0.10853026524968375,0.8968606668431826
91,Eswatini,0.6551724137931035,0.021408492510428045,0.02636620673098413,0.05334727980669821,0.9006996074837047,0.5547602276456604,0.0,,0.21862673105663016
92,Ethiopia,,0.002825204257852104,0.003842157772312926,0.011395047785956748,0.5623874291286272,0.6186414901025366,0.0013396436399984784,0.002076737027517248,0.20200367734336455
93,Europe,0.9846305172413793,,0.1699582442243398,,,0.8536592198893789,0.2678288485529024,0.11242141538698855,
94,Europe (WID),,,,,0.40960349920965977,,,,
95,European Union (27),,,0.15379525625258816,,,,0.3699148256832114,0.08734356982761,
96,European Union (WID),,,,,0.3972618021117847,,,,
97,Faeroe Islands,,0.3515002995002445,,,,,,,
98,Falkland Islands,,,0.21773784221534398,,,0.8567369187791661,0.6902324879741946,,
99,Faroe Islands,,,0.312792999495785,,,0.8760675893092986,0.24696176797377475,,
100,Fiji,0.9827586206896551,0.028734698561149928,0.04065657102215645,,,0.618655497834805,0.002821747850965278,0.02189048738457313,0.44732050635198917
101,Finland,0.9948275862068964,0.13386442550275335,0.26403932489319043,0.2699320100337126,0.24519847426848496,0.9107067101039775,0.7228992587092805,0.10717569824512166,0.8986933612208846
102,Former Sudan,,,,0.012174897832718069,,,,,
103,France,0.9827586206896551,0.09877763616321547,0.16382931611461188,0.25892236429432336,0.35287681371978474,0.939024341436473,0.29117694823295764,0.06299266328155809,0.854379425868771
104,French Guiana,,,0.0,,,0.812010229646765,,,
105,French Polynesia,,0.06963131843866988,0.06719179294157145,,,0.9539225652560214,0.04282798146182897,,
106,Gabon,0.889655172413793,0.05213248024044907,0.03530847089187519,0.1017973199302813,0.5737478186132954,0.6390867759002968,0.0,0.09787183826760255,0.35999821472808596
107,Gambia,0.1896551724137931,0.006017917241776936,0.00410528060990358,0.00951803394651595,0.5847448358332482,0.5895314213445821,0.0,0.0030735708596201284,0.2987631429519716
108,Georgia,,0.07410426702632363,0.09184475607991724,0.09264002838383331,0.5956532037205089,0.7623508176513435,0.006333262584298699,0.05182565049426204,0.5720383804046383
109,Germany,0.9741379310344828,0.16801733655216672,0.16774371840555902,0.309954485728551,0.3502747758066252,0.9000508280570876,0.6263279808059355,0.10595849406479933,0.8321640757659745
110,Ghana,0.7275862068965515,0.013516996767989052,0.01535551435707999,0.02453995991794486,0.682818560083289,0.5822794182388679,0.0010188369960607044,0.012113814182902567,0.35375705081527226
111,Gibraltar,,,,,,0.9435808566328613,0.0,,
112,Global,,0.11027236070515475,,,,,,,
113,Greece,0.9913793103448276,0.1252995824086731,0.13009153367506635,0.1661622751063359,0.3574050846332255,0.909638120242374,0.5150093858345391,0.083346500693905,0.7313947344434427
114,Greenland,,0.24717777712881103,0.28001287736448327,,,0.6734717564095383,0.0,,
115,Grenada,,0.0631361915269085,0.0415788375335236,,,0.7765326460206035,0.02091179939106857,0.044379719375350415,0.5720002915868703
116,Guadeloupe,,,0.0,,,0.9135102576622295,0.14573311172881695,,
117,Guam,,,0.19477963757704178,,,0.8166367835044945,0.137453428289207,,
118,Guatemala,0.8206896551724138,0.02644727072596624,0.02518041402763423,0.049625118922488005,0.7805433119602193,0.7244458941335618,0.008527684079761885,0.022826621495449482,0.3857141063143378
119,Guernsey,,,,,,0.938005779190113,,,
120,Guinea,,0.006687978025443107,0.005649275817965238,0.008163391622007935,0.42798676082965786,0.4870788675348792,0.00037859982500764117,0.005891409579804154,0.2226609685292463
121,Guinea-Bissau,,0.003252575472042716,0.0029858280222066205,0.006925771899669849,0.5570269794794119,0.5540038101031771,0.0,0.005087162567575886,
122,Guyana,0.8827586206896549,0.1022594732270069,0.06034902013095484,,0.7805433119602193,0.6759771393809383,0.0032440781352688314,0.06989557733874482,0.42960669826178094
123,Haiti,0.746551724137931,0.007051848051257689,0.004544375286921629,0.0063942857787842875,0.7805433119602193,0.571027207018274,0.0,0.008629855432186874,0.3717768422175249
124,High-and-upper-middle-income countries,,,,,,0.8280931073952823,,,
125,High-income countries,,,0.24445333930268445,,,0.9012034643123004,0.36440684280465263,0.1841172696587515,
126,Honduras,0.8913793103448274,0.024469155888210487,0.022424448195762742,0.030894471096317155,0.7805433119602193,0.7300870080284318,0.04928854718300344,0.017980274537067964,0.3702630568373029
127,Hong Kong,0.9931034482758619,0.10613734173179784,0.1476634142930987,0.32100340463714305,0.6498768955516686,0.9827544804732212,0.008479709150631166,0.07470845891208394,0.9126496131590303
128,Hungary,0.996551724137931,0.09289693313439894,0.10978376413492649,0.19421515707817236,0.312015681301959,0.8129287366626378,0.1867663169880326,0.07028523874714243,0.760368351299879
129,Iceland,0.9706896551724138,0.2353346998569967,0.7380351642154915,0.2796518939356284,0.1733911647980071,0.9263333360014729,0.005058533763424499,0.1497684508674347,0.8024869471318535
130,India,0.646551724137931,0.05032071269320442,0.03344182479113957,0.04825316275042948,0.7408218859632535,0.7124452697889235,0.03590402705429092,0.030751108062176843,0.46155992602321927
131,Indonesia,0.9568965517241379,0.0620204486503333,0.04459695109925313,0.08214909135583279,0.5097646002469718,0.6952978043880224,0.0011285842278626142,0.05105127776873843,0.5299687437881757
132,International Aviation,,0.0,,,,,,,
133,International Shipping,,0.0,,,,,,,
134,Iran,0.8431034482758619,0.21531379634565567,0.1745602753848111,0.12032109743140215,0.6950508180049675,0.8255457012270774,0.005825405899629945,0.1598609831797665,0.564351792997156
135,Iraq,0.7741379310344826,0.09103342561703201,0.06759151934827098,0.08396816936222064,0.6928751968819554,0.7188808222138622,0.0024344732323344953,0.10222033590665637,0.17199910743946636
136,Ireland,0.9948275862068964,0.1598451444291687,0.1575785705702232,0.40155344196280723,0.49585902992115233,0.9207442508264562,0.6111551725721123,0.0984764266906589,0.885121391513487
137,Isle of Man,,,,,,0.8924726448999847,,,
138,Israel,0.9862068965517239,0.15221993111916934,0.14869124063259018,0.24265585510083792,0.6508917954120101,0.920668208851286,0.22744360300609065,0.11866314919835995,0.7900607531728079
139,Italy,0.9844827586206896,0.12499651389039784,0.12365946380050824,0.23979786547397564,0.5099731736769352,0.9468366538329157,0.24296820622337895,0.07870925754644063,0.7773679374893865
140,Jamaica,0.9137931034482759,0.06354771678836202,0.05393833024330072,0.04634217475911464,0.7805433119602193,0.7019654849476911,0.038972482648340134,0.038701190222796444,0.4573942444176029
141,Japan,0.9982758620689653,0.18826630440549413,0.17284712127954063,0.25355859839867645,0.5221264571930936,0.9667796623736302,0.25213387046630087,0.11527857950508262,0.8983536730762856
142,Jersey,,,,,,0.8666203744466945,,,
143,Jordan,0.9568965517241379,0.04387554161466455,0.040481563706674335,0.057581035136684805,0.6322339458589725,0.8287474686026686,0.11576769042881,0.031464689779841314,0.5147292569524066
144,Kazakhstan,1.0,0.3055108608394815,0.1861820395237932,0.17429253457706403,0.37629096996972355,0.7604617748997448,0.0770748203835927,0.20903706272031838,0.6525005365432226
145,Kenya,0.8913793103448274,0.009173257252727782,0.00860795213845274,0.018896423676176347,0.6630215216054962,0.5452189608663982,0.011855950855219404,0.008199115922533078,0.590446121500538
146,Kiribati,,0.012131872694883387,0.010785645750103837,,,0.601794190393097,0.0,0.005984452743910976,0.48793685658417446
147,Kosovo,,0.11820660530675557,0.07395556119027193,,0.32501972841399446,0.8331118777565216,0.02996388913302699,,0.5340277672761167
148,Kuwait,0.9551724137931034,0.540485775405147,0.4480881574885983,0.47745083707613606,0.7572979719395163,0.8805800802042729,0.012174053119494595,0.42022004448438827,0.48794524743759354
149,Kuwaiti Oil Fires,,,,,,,,,
150,Kyrgyzstan,0.9982758620689653,0.035385139285220295,0.04088475058548102,0.03169077549042211,0.5359857453673017,0.7059296731795953,0.0,0.024147777592475723,0.6076862140616448
151,Land-locked Developing Countries (LLDC),,,,,,0.6041314805772787,,,
152,Laos,0.5948275862068966,0.07625384681043743,0.08308256739346573,0.04423227270895627,0.6066560708964264,0.6516337018033955,0.0020906421065197116,0.05009002511024347,0.3814367509348448
153,Latin America (MPD),,,,0.09040330192922395,,,,,
154,Latin America (WID),,,,,0.8838175345635085,,,,
155,Latin America and the Caribbean,,,,,,0.7862640177377914,,,
156,Latvia,0.9913793103448276,0.08353857167821645,0.09690404124071636,0.1791954279811955,0.38748261072464785,0.7962355220081486,0.04300436956182386,0.05700896733327875,0.8270457494595254
157,Least developed countries,,,,,,0.5993588460830378,,,
158,Lebanon,,0.08539444966278405,0.08301457462686633,0.06558831944468722,0.7809900235975974,0.8287974962179122,0.014815041209782257,0.057219412468749266,0.3892542356556663
159,Lesotho,0.8758620689655172,0.03917535032701821,0.009401964737039827,0.011553549181587875,0.7076508356583345,0.41972969078931566,0.0,0.026619897638944276,0.38725660915468874
160,Less developed regions,,,,,,0.7069582409490037,,,
161,"Less developed regions, excluding China",,,,,,0.6767855856432752,,,
162,"Less developed regions, excluding least developed countries",,,,,,0.7311375879485477,,,
163,Liberia,0.3810344827586207,0.003340420738920017,0.004693086100160787,0.0014458826127193634,0.549934740366242,0.5155345750854472,0.0,0.006338046509290749,0.0
164,Libya,0.7448275862068964,0.20780471626260505,0.12462255065800545,0.0818363396243252,0.537386382324007,0.6591418462991571,0.00038512053352992643,0.18233348468657018,
165,Liechtenstein,,0.09325077912788947,,,,0.9451177049731453,,0.058036015568411016,
166,Lithuania,1.0,0.10761815188394998,0.10755176844231057,0.20371519199999558,0.7034488797885575,0.7929377016112895,0.3069125392388226,0.07318679172652638,0.826709266809491
167,Low-and-Lower-middle-income countries,,,,,,0.6456183813465033,,,
168,Low-and-middle-income countries,,,,,,0.7018674308218137,,,
169,Low-income countries,,,0.005403319126148358,,,0.5710692302150788,0.000811654963342118,0.004739724171491209,
170,Lower-middle-income countries,,,0.026745528695336775,,,0.6640745691621777,0.019076491599973242,0.023028897949666303,
171,Luxembourg,0.9086206896551722,0.2507254394540466,0.25277718976691227,0.3694328692545988,0.3091513853629468,0.9170942360182821,0.3085279522089834,0.15385262953412676,0.7154922759083061
172,MENA (WID),,,,,0.8438782427065281,,,,
173,Macao,0.9741379310344828,0.03525562503151584,0.09433452388267967,,0.2878564206607935,0.9340135754936725,0.0,0.020134478578911423,0.88314312997085
174,Madagascar,,0.00346521642003165,0.0022378174410086485,0.005187294416990208,0.6961990968612983,0.5449348040118146,0.0003543966764569688,0.0024675512977428427,0.23635229576955044
175,Malawi,0.8603448275862068,0.0019653676491094762,0.002049756827996374,0.003995685887794758,0.6380991342087672,0.6194119153772882,0.00218574153340006,0.000431076828484944,0.31104139390893426
176,Malaysia,0.9637931034482757,0.1976265439005195,0.17157177640712715,0.17521361995930979,0.6395413733523121,0.805586683849485,0.024764049171016333,0.14083094475969643,0.6300477441445136
177,Maldives,0.8137931034482757,0.09292064337479072,0.07789088501067193,,0.8128694936248868,0.8933171110452971,0.030052502954799765,0.05960408433827106,
178,Mali,0.01896551724137933,0.006814440466027827,0.005151329751428778,0.007104494770802761,0.5782170949708175,0.48105354155493835,0.00034836067315651326,0.0027846707528801423,0.035061586412836215
179,Malta,0.95,0.07994879433192853,0.3276404085455411,0.2281676700080809,0.3625033887557412,0.9384960498195004,0.25986946409573947,0.0492264285355323,0.7529632817385727
180,Marshall Islands,,0.08571113396267041,,,,0.6112454074649208,,,0.32554489919266405
181,Martinique,,,0.10742539729085149,,,0.9238119441931947,0.09959362681502101,,
182,Mauritania,0.6879310344827585,0.021301279967983193,0.017582427343530896,0.020757052493662165,0.4882248373875367,0.6420263985720117,0.016618408828849865,0.014220220838383618,0.1909092909525217
183,Mauritius,0.9844827586206896,0.07470918333762622,0.08695138843398252,0.1349267318476535,0.6082646962874987,0.7709515652640258,0.03634099373097089,0.05172012903642323,0.678737320996227
184,Mayotte,,,,,,0.7935260263665543,,,
185,Mexico,0.9448275862068966,0.08820031012055413,0.0805784595706211,0.10526058750628482,1.0,0.7738071415421314,0.08551520820024164,0.07193729563610023,0.6239166701141446
186,Micronesia (Federated States of),,0.030458386086661914,,,,,,,
187,Micronesia (country),,,0.028155846967960786,,,0.6163062010229647,,0.015108629708784625,0.4694964948671169
188,Middle Africa (WID),,,,,0.9044269294262888,,,,
189,Middle East (WID),,,,,0.8498916149408685,,,,
190,Middle East and North Africa (MPD),,,,0.1297556299568789,,,,,
191,Middle-income countries,,,,,,0.7201175048626841,,,
192,Moldova,0.9862068965517239,0.04073600060547972,0.07056000930315966,0.040911927161873717,0.3586024806198272,0.6963543876219672,0.015271381140965922,0.031554249328258475,0.5734364474310771
193,Monaco,,,,,,1.0,,,
194,Mongolia,0.9431034482758619,0.31918918114407685,0.09877851065336093,0.08646500063668304,0.5859592191919777,0.7070723039117592,0.06012557997373803,0.24935473160319485,0.6549348268273044
195,Montenegro,,0.08724842613302318,0.08349343784282369,0.1369372421554066,0.3564401793965496,0.8141874314621671,0.13819610950271477,0.059495335456259915,0.6318209011746403
196,Montserrat,,0.11901200226453923,0.1215989179698834,,,0.7961534767191489,0.0,,
197,More developed regions,,,,,,0.8700342589109189,,,
198,Morocco,0.5155172413793102,0.04260051756872472,0.031603372060350986,0.05252397014493389,0.656173833151471,0.7786858345806885,0.05761593243773276,0.032364774505026346,0.3875988711228648
199,Mozambique,0.21724137931034482,0.005556553524529582,0.00987987268636582,0.003307716211231283,0.9458816073762005,0.5445225764622071,0.0005570301146895198,0.007831444874985577,0.21356943170993636
200,Myanmar,0.8551724137931034,0.013004127835474784,0.013510601784475097,0.03083323793240004,0.7068335293106083,0.6101167844650246,0.0014421050242746148,0.009906487210339343,0.4319370550985673
201,Namibia,0.6706896551724136,0.03762866796245087,0.038564528282989556,0.04969173187117699,0.9725673739990923,0.6200382611201383,0.053145515197705946,0.02478205478424142,0.36764784466882316
202,Nauru,,0.10561987160411843,0.09526048009487953,,,0.5144719885376728,0.0,0.06720675460537673,0.40588295555197124
203,Nepal,0.6482758620689655,0.012671480205423644,0.007086846741112516,0.016268749143907173,0.2942773548272116,0.6794490558788452,0.0012882722324905978,0.008017307403712816,0.4732967972319913
204,Netherlands,0.9982758620689653,0.15811955538932826,0.2388297811844301,0.3302949182127671,0.3196239765305167,0.9156574429084855,0.7463463458211064,0.10303032367018389,0.879862966238713
205,Netherlands Antilles,,,0.7278142961668637,,,,,,
206,New Caledonia,,0.40603605909699947,0.30857768160359245,,,0.8477839767551688,0.21715405230618678,,
207,New Zealand,0.9724137931034481,0.13524295296442326,0.20163428619894075,0.253432937718468,0.37451604833044616,0.9142646741001031,0.18467032830088193,0.09993026938055109,0.8658354391861303
208,Nicaragua,0.8344827586206895,0.01861824325053968,0.018802356171538203,0.030263886015007523,0.7805433119602193,0.7713617917090233,0.026053005369143366,0.01341611959029452,0.42814288088506636
209,Niger,0.0,0.0022416975893587315,0.0018063092209106323,0.0027684922327666293,0.6368711834521666,0.49593975874682833,0.0005005294896231106,0.0,0.04487311502306315
210,Nigeria,,0.013482886887504628,0.011232006096073461,0.030113466075119635,0.5417681343403687,0.3614455179258951,5.861302945354898e-05,0.015205648258505178,0.2669837661310385
211,Niue,,0.0930109770431349,0.07106363803796786,,,0.6719269036508153,0.0,0.057057172564757834,
212,No income group available,,,,,,0.7227869784120836,,,
213,North Africa (WID),,,,,0.66338235138935,,,,
214,North America,0.967473620689655,,0.2409156435644961,,,,0.3202311893052646,0.1651836269779892,
215,North America (WID),,,,,0.6127148252891526,,,,
216,North America and Oceania (WID),,,,,0.6049122440230831,,,,
217,North Korea,,0.05452695628967886,0.01690100704587387,0.006545218591935801,0.43542713982220504,0.7452473765518567,0.0007044658994462948,0.03898006646832966,
218,North Macedonia,,0.0838406777015847,0.07086762543638317,0.09055781677847653,0.3069093897395687,0.820346831450961,0.060379069654567186,0.06374621087592591,0.4798722093765694
219,Northern America,,,,,,0.8653136531365314,,,
220,Northern Ireland,,,,,,0.6031329293770162,,,
221,Northern Mariana Islands,,,0.0,,,0.8486184373774325,,,
222,Norway,0.8689655172413792,0.16681764533931326,0.44537232607997806,0.5907453756078836,0.06369938300289446,0.9386741481297677,0.7251011715567892,0.15695594805705793,0.851093746800398
223,Oceania,0.8471787931034482,,0.18489428544248596,,,0.8554001808998567,0.4313510748125129,0.15670529263228708,
224,Oceania (WID),,,,,0.5755017704104233,,,,
225,Oman,,0.3968428946325368,0.4082269131627807,0.3189792850152291,0.8251061390135387,0.8730919467546087,0.015252073475802125,0.34684872271949774,0.6070158885806292
226,Other East Asia (WID),,,,,0.47478222357681193,,,,
227,Other Latin America (WID),,,,,0.8345904926200668,,,,
228,Other MENA (WID),,,,,0.9554484453618275,,,,
229,Other North America and Oceania (WID),,,,,,,,,
230,Other Russia and Central Asia (WID),,,,,0.6194314747295739,,,,
231,Other South & South-East Asia (WID),,,,,0.7432215828995347,,,,
232,Other Sub-Saharan Africa (WID),,,,,0.7673252014595462,,,,
233,Other Western Europe (WID),,,,,0.37445331880264277,,,,
234,Pacific Islands (Palau),,0.09332183942260823,,,,,,,
235,Pakistan,0.46034482758620676,0.019588485067760113,0.017170293050411012,0.03321783207569563,0.5422278058801914,0.6253251794990835,0.004745623813652814,0.012151870402146294,0.2708390804393971
236,Palau,,0.28903041267931634,,,,0.6577430741769458,,0.231843378829472,0.6114701118366883
237,Palestine,,,0.017629431575357665,0.028125976507833435,0.696909304015214,0.5757237995373445,0.01049414221605391,,0.5506651797194467
238,Panama,0.9310344827586207,0.07365283343945818,0.11931825966377611,0.15453926121225595,0.7805431769612353,0.8643511218192442,0.070222507900236,0.04926616030619397,0.4029839345514941
239,Papua New Guinea,0.4017241379310345,0.01891236760882554,0.009360897970029754,,0.7305225884912152,0.5950084446614532,0.0,0.011562023297891681,0.3575487172006725
240,Paraguay,0.9482758620689655,0.02784711392850325,0.0695721216608538,0.054964789197612954,0.7805431769612353,0.7492996133865895,0.0,0.020865163288905187,0.44971048538767755
241,Peru,0.9741379310344828,0.03817531811865205,0.04412047274369063,0.08188858942938457,0.8578640924280444,0.8272586467730187,0.0242861820314068,0.028512496277198606,0.6058143937944038
242,Philippines,0.9706896551724138,0.030926275988888394,0.0228875290139647,0.052325679341526196,0.6741505228319394,0.669023300862076,0.008362353030686628,0.020504380848443755,0.49834424892226553
243,Poland,0.9982758620689653,0.16552949849695855,0.12286339211081128,0.21451838942422488,0.3642188208428261,0.8451245087288185,0.2257397493700144,0.11984731350713705,0.8643220686346166
244,Portugal,0.9603448275862067,0.08528319933682692,0.11333257746630492,0.19112044480623178,0.3790867539244598,0.9197056775339987,0.45571231990807004,0.058637270557012004,0.8582759402102103
245,Puerto Rico,,,0.10657766097300717,0.23344668393344475,,0.9063042799625395,0.035492808128880435,,
246,Qatar,0.9586206896551723,1.0,1.0,1.0,0.8054994491028968,0.919867767007388,0.0009658277702641546,1.0,0.6195766190321375
247,Reunion,0.8758620689655172,,0.0,,,0.9434647925654962,0.07331967326014438,,
248,Romania,0.9844827586206896,0.08052934308924431,0.078548780269543,0.17231404856049634,0.4346360907768267,0.7911987417054215,0.12661010154541605,0.06233886989115906,0.5810134823478506
249,Russia,0.9844827586206896,0.2951289682139109,0.2652677440005332,0.1671934128604129,0.6246741602652586,0.7354879893701324,0.009735480291059256,0.23071704901954943,0.8194360939215941
250,Russia and Central Asia (WID),,,,,0.6749616192264114,,,,
251,Rwanda,0.45172413793103433,0.0025653306329638825,0.002077847441758932,0.010780254085895384,0.7463628292538027,0.6280506839775557,0.00038087105266955174,0.0014479904805592774,0.16209137628059975
252,Ryukyu Islands,,,,,,,,,
253,Saint Barthelemy,,,,,,0.9583309987112886,,,
254,Saint Helena,,0.04911428401600202,0.043992109065616986,,,0.8081841176329334,0.0,,
255,Saint Kitts and Nevis,,0.11477040458684695,0.0921354136956934,,,0.7152888394393706,0.055023458683307123,0.08209513322751033,0.5912486264927186
256,Saint Lucia,,0.06660542225496686,0.05995091595831317,0.06633545867699686,,0.7263369379897703,0.0,0.042785236376634714,0.5914917255437452
257,Saint Martin (French part),,,,,,0.8769600819652448,,,
258,Saint Pierre and Miquelon,,0.2234531932153593,0.2573884033011405,,,0.8076017961914977,0.0,,
259,Saint Vincent and the Grenadines,,0.053693013141482906,0.036347906343843266,,,0.6969867366786465,0.0,0.03767409487198283,0.5189344604204198
260,Samoa,,0.026715595525647576,0.032189395297266894,,,0.706353907356861,0.023594348297759863,0.016728240089309183,0.475041689342398
261,San Marino,,,,,,0.9866686410898815,,,
262,Sao Tome and Principe,,0.016824903959441122,0.014592364320619397,0.021236788221511475,0.4605266458856731,0.6667320360839183,0.0,0.01128937221175655,
263,Saudi Arabia,0.8879310344827587,0.4677718440097181,0.38439303275158315,0.35618790376023407,0.7787689753165383,0.847109604501685,0.04096685508297707,0.38054233906707025,0.5356640685441839
264,Scotland,,,,,,0.5855232088112637,,,
265,Senegal,0.2775862068965517,0.015727683240954166,0.011043574352938002,0.013893942668590108,0.629582610816897,0.6460146000592328,0.023938193853229425,0.008866451832116531,0.24812570018843405
266,Serbia,0.9810344827586206,0.13909063199481436,0.12184763995361468,0.11106393694157267,0.3920267215188538,0.8078319232216183,0.03486319244305861,0.09787692823355318,0.7114410964541233
267,Serbia and Montenegro,,,0.10785683220183977,,,,,,
268,Seychelles,,0.12014995295043188,0.20248683191177724,0.20500794223286326,0.722230275911598,0.7296427628050683,0.22039634326312213,0.07028572462760632,0.7065591282321897
269,Sierra Leone,0.3965517241379311,0.003288586866855591,0.0021714914317388155,0.007364006623011102,0.600095435281611,0.5079964140205394,0.0003048638430893104,0.0028042178711793547,0.24967081456406268
270,Singapore,0.9396551724137931,0.19223380231406312,0.7065401512186636,0.5365899031125195,0.27909154413840154,0.9472468802779134,0.0406444782302422,0.13959325998163818,1.0
271,Sint Maarten (Dutch part),,0.3678844277432537,,,,0.7998615235610056,,,
272,Slovakia,0.996551724137931,0.12451975025463859,0.14196633987760773,0.18120777574827893,0.14757672661619042,0.8392912887914128,0.02761558219065772,0.09564080180076603,0.7158888144418013
273,Slovenia,0.9931034482758619,0.12546236142538267,0.1506295899195081,0.2159005896003154,0.26577580687261376,0.9045673211612809,0.08664046678621416,0.08624861611673508,0.86401622674145
274,Small Island Developing States (SIDS),,,,,,0.726911255012767,,,
275,Solomon Islands,,0.009601332731484486,0.008340977817448062,,,0.6829309778998006,0.0,0.004380941644466493,0.23273810064792852
276,Somalia,,0.0007214955724764769,0.0009583954271337866,,0.5700670713201206,0.4485636071111254,0.0005963511338429188,0.002620954066751459,
277,South & South-East Asia (WID),,,,,0.729495246224534,,,,
278,South Africa,0.9689655172413791,0.1561651038409932,0.09836512309626645,0.07282190549284373,0.994771174359985,0.5951024965781111,0.11807591310199538,0.10668192590459559,0.32025734162905267
279,South Africa region (WID),,,,,0.9943191527625777,,,,
280,South America,0.9490155172413791,,0.07675586779250886,,,,0.09701085241217916,0.047522026124596974,
281,South Asia (WID),,,,,0.7096589455422876,,,,
282,South Korea,0.996551724137931,0.2617626972093376,0.2940211946642959,0.27410119179294823,0.2787364968110203,0.9591054261952598,0.1660757163339757,0.17216730467483143,0.8935340234398584
283,South Sudan,,0.0033458905270500037,0.0032267857645082165,,0.7013536955600567,0.4245823694679464,0.000480808611617971,0.004094359482012319,0.02874045483856015
284,South and South East Asia (MPD),,,,0.052368809156136585,,,,,
285,South-East Asia (WID),,,,,0.6998370944762714,,,,
286,Spain,0.989655172413793,0.10948180025423011,0.14590950596536903,0.2256574649911668,0.341786107205078,0.9459281523400918,0.6029518613598769,0.07135898009485551,0.7832902772560469
287,Sri Lanka,0.9551724137931034,0.0217855557591141,0.019995720476023424,0.06804043247815846,0.5165784489557255,0.8221098046121459,0.02987319481739272,0.013547999327117394,0.5897809813783771
288,State of Palestine,,0.015283527054605013,,,,,,,
289,Sub Saharan Africa (MPD),,,,0.019116325828169002,,,,,
290,Sub-Saharan Africa (WID),,,,,0.8290588642593995,,,,
291,Sudan,0.21551724137931033,0.00976000353822518,0.01021563458049336,,0.5610219144075393,0.59895062074265,0.0002238821018497506,0.007185460319823953,0.1975089611486139
292,Suriname,,0.0997215854366351,0.08942122656235466,,0.7805431769612353,0.7450312572540042,0.004244948636987928,0.07147872312663618,
293,Sweden,0.9482758620689655,0.08086783611519402,0.2482015463593497,0.31317399043068683,0.29817196301054855,0.9377656466369436,0.9196771430332972,0.06808547678616562,0.8838087414892705
294,Switzerland,0.9827586206896551,0.08736533405099457,0.15767662756582987,0.4221906813391407,0.2562534510521473,0.9515972816994981,0.13003534215990945,0.05390307953334908,0.8228005433049306
295,Syria,0.8568965517241377,0.025776083118994327,0.024277160275755102,0.012777195463209262,0.7808797744274981,0.7147965677053733,0.0,0.015157641796306786,
296,Taiwan,0.9982758620689653,0.25626438636442384,0.23180750464871447,0.3536711498498093,0.6845061598798816,0.8836637824078892,0.19937309708927628,0.17278413728557804,
297,Tajikistan,1.0,0.02095513393374861,0.033832899135922315,0.03305510183135668,0.4314070050837693,0.7081929224932162,0.0,0.012407000344280172,0.43170211120283014
298,Tanzania,0.8637931034482758,0.00628887129583835,0.004000058585572361,0.016563623001886654,0.6933665931829699,0.6122439586651832,0.00020027967294531556,0.004752162711367056,0.21480728057569473
299,Thailand,0.9517241379310343,0.08644209015581807,0.08538901833944418,0.10650990504663053,0.7515751400181335,0.8006719709279523,0.03347006174580458,0.060999054511954004,0.6106078337988026
300,Timor-Leste,,0.010906522776338625,,,,,,,
301,Togo,0.6224137931034482,0.006793453381958263,0.004918297592313714,0.006664632583483232,0.6891750997344369,0.5270649398467955,0.0017789552667584042,0.007480645658455751,0.35507794084610494
302,Tokelau,,,,,,0.8134730371164882,,,
303,Tonga,0.9948275862068964,0.04341887299452449,0.029529040766830036,,,0.730297124012455,0.024549895778538906,0.028566573300465668,0.46514631819345564
304,Trinidad and Tobago,0.9913793103448276,0.5248620650896336,0.47056592957582194,0.16945422147430378,0.7805433119602193,0.7422016953358254,0.0010691280946690297,0.46942034442988306,0.6514041631228666
305,Tunisia,0.839655172413793,0.06179280686708659,0.04198458339839167,0.06944285816812291,0.5022602317361057,0.8025970335625265,0.013898917119998322,0.04519404767102209,0.4042269687761071
306,Turkey,0.9379310344827585,,0.0999269862426617,0.18014905591238653,0.6676749365769149,0.8155641914336713,0.15983047779210544,0.08912177306391666,0.6619339299299252
307,Turkmenistan,,0.22827587958653475,0.301016682296833,0.1119851502056033,0.6587461037887038,0.6738259519254628,0.0002802300874043544,0.2116850597157985,
308,Turks and Caicos Islands,,0.18887105638839793,0.08646896776453414,,,0.8326136027086952,0.0,0.11672840263840982,
309,Tuvalu,,0.023689394160632607,0.0,,,0.6144371693174633,,0.01668748796967333,0.3574391647099636
310,Türkiye,,0.11819709773511332,,,,,,,
311,USA,,0.33911310742466694,,,,,,,
312,USSR,,,0.2747953847088394,0.12625510166712955,,0.0,0.0,,
313,Uganda,0.9034482758620689,0.002712568878248338,0.0033804451410254796,0.01026846849050367,0.7248803734629888,0.6373978436096727,0.0007218360292738342,0.003146922613653609,0.20075537290857035
314,Ukraine,0.9982758620689653,0.08718222526381046,0.07397805205484596,0.04814215193827359,0.45010877430620133,0.7408589541426868,0.04749291831897146,0.06672027047180917,0.7229345857741132
315,United Arab Emirates,0.85,0.5658259422332155,0.6604887614886571,0.5156144904519657,0.6525946500937714,0.9306957440507159,0.3804971671964099,0.3851265476257174,0.7013899854089658
316,United Kingdom,1.0,0.10575431570978554,0.12564108882586666,0.2544856740329514,0.3440778724538151,0.8985259863444622,0.3717098485017427,0.0659789832611471,0.8797671785187816
317,United States,0.9948275862068964,,0.3395575515303971,0.3896428219345019,0.7254257018580292,0.8585599250786434,0.5118720640571729,0.22936775897129832,0.7872569825005263
318,United States Virgin Islands,,,0.43188508093934047,,,0.7818795975378408,0.052746278132907616,,
319,Upper-middle-income countries,,,0.13218913080258354,,,0.7900601131824769,0.1507264019393456,0.10512503238540527,
320,Uruguay,0.996551724137931,0.05394422431220819,0.08074549237140026,0.13182287939340312,0.6243870624263875,0.835231047538241,0.39854399536152185,0.05909888644501812,0.5981736261033453
321,Uzbekistan,,0.08329552997645784,0.07327708824503634,0.08051846398603607,0.6891301000731718,0.7201655313733182,0.002380208285507773,0.06434908988316836,0.6530593296692394
322,Vanuatu,,0.015872057477003182,0.013037136023355938,,,0.7019254628554963,0.008029446990039603,0.011574000987509341,0.3222234882878205
323,Vatican,,,,,,0.9322105802402928,,,
324,Venezuela,0.9672413793103447,0.08105235343151032,0.10748674683265412,0.0314372619669873,,0.7226829209723769,0.00015946959212613095,0.05796770519228177,
325,Viet Nam,,0.07948555257583825,,,,,,,
326,Vietnam,0.7672413793103449,,0.06058757229411139,0.050169814558691045,0.6176922378216797,0.7641878316830891,0.09415878916831406,0.05369792460547492,0.7989261140668076
327,Wallis and Futuna,,,,,,0.8450384612305994,,,
328,Wallis and Futuna Islands,,0.06258954137070731,,,,,,,
329,West Africa (WID),,,,,0.6702181824326318,,,,
330,West Asia (WID),,,,,0.7853426833329512,,,,
331,West Germany,,,0.23664919444176766,,,,,,
332,Western Europe (MPD),,,,0.27411548089975507,,,,,
333,Western Europe (WID),,,,,0.3848517955281092,,,,
334,Western Sahara,,,0.008542885123875644,,,0.7000864477191411,0.0,,
335,Western offshoots (MPD),,,,0.3767228713617541,,,,,
336,World,0.8154231034482758,,0.09430870920158488,0.10823077657284047,0.8200335746972666,0.7357941583754232,0.12829869647745892,0.07523509444035018,
337,Yemen,0.346551724137931,0.006838174181905152,0.004761077544286769,0.009173340710452104,0.8509646993632256,0.6582673635846986,0.00467152045272386,0.003486376374114859,0.1859431125027902
338,Yugoslavia,,,0.1437489017960335,0.126239459705651,,,,,
339,Zambia,0.8844827586206896,0.008843567533854233,0.01507118477660294,0.018482474376848388,0.9401675953884258,0.5993048162585747,0.0018348804109565681,0.0077853573461465824,0.26679054080426756
340,Zanzibar,,,,,,,,,
341,Zimbabwe,0.9689655172413791,0.015726039956966618,0.011616401950101668,0.007451714681711291,0.8567757981201797,0.5277873386109132,0.00048225863450865065,0.011730938904984094,0.4525505912836418
